web-scraper-order,web-scraper-start-url,video
"1697818759-1","https://www.pexels.com/search/videos/entertainment/?size=medium&orientation=landscape","<source src=""https://player.vimeo.com/external/306390278.sd.mp4?s=9517caec783132f6f0fb3078b495a398ec4e886b&amp;profile_id=164&amp;oauth2_token_id=57447761"" type=""video/mp4"">"
"1697818759-2","https://www.pexels.com/search/videos/entertainment/?size=medium&orientation=landscape","<source src=""https://player.vimeo.com/external/363474605.sd.mp4?s=67d3a12211dc500481bd97ec9df3cef270dd9fcd&amp;profile_id=164&amp;oauth2_token_id=57447761"" type=""video/mp4"">"
"1697818759-3","https://www.pexels.com/search/videos/entertainment/?size=medium&orientation=landscape","<source src=""https://player.vimeo.com/external/385060105.sd.mp4?s=24d8c086f56d44a88a112f84e7de8b3ddf916d89&amp;profile_id=164&amp;oauth2_token_id=57447761"" type=""video/mp4"">"
"1697818759-4","https://www.pexels.com/search/videos/entertainment/?size=medium&orientation=landscape","<source src=""https://player.vimeo.com/external/322424304.sd.mp4?s=8acd9f03f32aaca13e6014bcf7ac77135557630f&amp;profile_id=164&amp;oauth2_token_id=57447761"" type=""video/mp4"">"
"1697818759-5","https://www.pexels.com/search/videos/entertainment/?size=medium&orientation=landscape","<source src=""https://player.vimeo.com/external/402798043.sd.mp4?s=9ed033752d6bfc8e811ab9af4ff5c7817f0f14eb&amp;profile_id=164&amp;oauth2_token_id=57447761"" type=""video/mp4"">"
"1697818759-6","https://www.pexels.com/search/videos/entertainment/?size=medium&orientation=landscape","<source src=""https://player.vimeo.com/external/324296639.sd.mp4?s=2147b8e13b0e79ecaf0bcb2458b294bb383e628a&amp;profile_id=164&amp;oauth2_token_id=57447761"" type=""video/mp4"">"
"1697818759-7","https://www.pexels.com/search/videos/entertainment/?size=medium&orientation=landscape","<source src=""https://player.vimeo.com/external/355815192.sd.mp4?s=67af97a76cce3acbc26583da23f8388c77351293&amp;profile_id=164&amp;oauth2_token_id=57447761"" type=""video/mp4"">"
"1697818759-8","https://www.pexels.com/search/videos/entertainment/?size=medium&orientation=landscape","<source src=""https://player.vimeo.com/external/323792842.sd.mp4?s=5a3b8ef3459477247734c3b52581782ff29b5600&amp;profile_id=164&amp;oauth2_token_id=57447761"" type=""video/mp4"">"
"1697818759-9","https://www.pexels.com/search/videos/entertainment/?size=medium&orientation=landscape","<source src=""https://player.vimeo.com/external/325704452.sd.mp4?s=7fc8967e369d0ae409ef4b6ccb277c74fd6498be&amp;profile_id=164&amp;oauth2_token_id=57447761"" type=""video/mp4"">"
"1697818759-10","https://www.pexels.com/search/videos/entertainment/?size=medium&orientation=landscape","<source src=""https://player.vimeo.com/external/363638916.sd.mp4?s=019ae2b312db0b6cbd3714d934072c3e33393199&amp;profile_id=164&amp;oauth2_token_id=57447761"" type=""video/mp4"">"
"1697818759-11","https://www.pexels.com/search/videos/entertainment/?size=medium&orientation=landscape","<source src=""https://player.vimeo.com/external/324683892.sd.mp4?s=d6b4a8e84312705f26249c68644517f22fab1d64&amp;profile_id=164&amp;oauth2_token_id=57447761"" type=""video/mp4"">"
"1697818759-12","https://www.pexels.com/search/videos/entertainment/?size=medium&orientation=landscape","<source src=""https://player.vimeo.com/external/364963322.sd.mp4?s=a00c64122e7d6e4c4e37f489d6b60ed832dc4d33&amp;profile_id=164&amp;oauth2_token_id=57447761"" type=""video/mp4"">"
"1697818759-13","https://www.pexels.com/search/videos/entertainment/?size=medium&orientation=landscape","<source src=""https://player.vimeo.com/external/397863575.sd.mp4?s=718534b1033141254f4994185175dcff19b1241e&amp;profile_id=164&amp;oauth2_token_id=57447761"" type=""video/mp4"">"
"1697818759-14","https://www.pexels.com/search/videos/entertainment/?size=medium&orientation=landscape","<source src=""https://player.vimeo.com/external/361244363.sd.mp4?s=88987e526f7301571375ff1dd18c1c5bcbaf2816&amp;profile_id=164&amp;oauth2_token_id=57447761"" type=""video/mp4"">"
"1697818759-15","https://www.pexels.com/search/videos/entertainment/?size=medium&orientation=landscape","<source src=""https://player.vimeo.com/external/361262357.sd.mp4?s=3ac995237783afaa4f05f900e6bb9629720965cc&amp;profile_id=164&amp;oauth2_token_id=57447761"" type=""video/mp4"">"
"1697818759-16","https://www.pexels.com/search/videos/entertainment/?size=medium&orientation=landscape","<source src=""https://player.vimeo.com/external/410317846.sd.mp4?s=194e294af2e9b39d105ee3682e430a3249a7b45e&amp;profile_id=164&amp;oauth2_token_id=57447761"" type=""video/mp4"">"
"1697818759-17","https://www.pexels.com/search/videos/entertainment/?size=medium&orientation=landscape","<source src=""https://player.vimeo.com/external/355815020.sd.mp4?s=dd2199f54b2d36175c3f401ee8bc84e16fa18867&amp;profile_id=164&amp;oauth2_token_id=57447761"" type=""video/mp4"">"
"1697818759-18","https://www.pexels.com/search/videos/entertainment/?size=medium&orientation=landscape","<source src=""https://player.vimeo.com/external/362531254.sd.mp4?s=3522fd0dfdb1f6478a0367aef4805d9711418b42&amp;profile_id=164&amp;oauth2_token_id=57447761"" type=""video/mp4"">"
"1697818759-19","https://www.pexels.com/search/videos/entertainment/?size=medium&orientation=landscape","<source src=""https://player.vimeo.com/external/342361347.sd.mp4?s=cdd69232a091d87736edcadda3611321a1676dd9&amp;profile_id=164&amp;oauth2_token_id=57447761"" type=""video/mp4"">"
"1697818759-20","https://www.pexels.com/search/videos/entertainment/?size=medium&orientation=landscape","<source src=""https://player.vimeo.com/external/390758276.sd.mp4?s=43b3023710c1c51480e87d81a11367423a89db58&amp;profile_id=164&amp;oauth2_token_id=57447761"" type=""video/mp4"">"
"1697818759-21","https://www.pexels.com/search/videos/entertainment/?size=medium&orientation=landscape","<source src=""https://player.vimeo.com/external/311156914.sd.mp4?s=540775b35b49569577ffdb60cd6607e671aca427&amp;profile_id=164&amp;oauth2_token_id=57447761"" type=""video/mp4"">"
"1697818759-22","https://www.pexels.com/search/videos/entertainment/?size=medium&orientation=landscape","<source src=""https://player.vimeo.com/external/397093025.sd.mp4?s=e6e9ea0351f04253225517943c4e81c4546986e8&amp;profile_id=164&amp;oauth2_token_id=57447761"" type=""video/mp4"">"
"1697818759-23","https://www.pexels.com/search/videos/entertainment/?size=medium&orientation=landscape","<source src=""https://player.vimeo.com/external/404598554.sd.mp4?s=f9515cf68172ab0f21e7801c7244d6c81f0b211f&amp;profile_id=164&amp;oauth2_token_id=57447761"" type=""video/mp4"">"
"1697818759-24","https://www.pexels.com/search/videos/entertainment/?size=medium&orientation=landscape","<source src=""https://player.vimeo.com/external/368077912.sd.mp4?s=4f0c39770c8af9878f12c19dbbc2b743a4839fb3&amp;profile_id=164&amp;oauth2_token_id=57447761"" type=""video/mp4"">"
