web-scraper-order,web-scraper-start-url,avatar-src,name
"1697792684-1","https://socialbook.io/youtube-channel-rank/top-200-youtubers","https://yt3.ggpht.com/y1F4EOGuP19nZcBlzcyCtnHiYhkAOPQiRxwKeaGrOjXarUZZjcx_heiDiC06_Qj6ERea_qWK9A=s88-c-k-c0x00ffffff-no-rj","T-Series"
"1697792684-2","https://socialbook.io/youtube-channel-rank/top-200-youtubers","https://yt3.ggpht.com/ytc/APkrFKbAfC_5NBQ3CM6Lyd2zXUFbC4mym1GCRhmpIwcMXg=s88-c-k-c0x00ffffff-no-rj","MrBeast"
"1697792684-3","https://socialbook.io/youtube-channel-rank/top-200-youtubers","https://yt3.ggpht.com/ytc/APkrFKayNYdWlQ2raIsZHTxbZ-TEpVU5VHLsLE0tlUn21w=s88-c-k-c0x00ffffff-no-rj-mo","ABCkidTV - Nursery Rhymes"
"1697792684-4","https://socialbook.io/youtube-channel-rank/top-200-youtubers","https://yt3.ggpht.com/eu051krrRNQMMi5h6ynfnvhFJzxzSKulJQ42g5v72MQ9Bvv8KdpNIa6yM-0iGpnDgSF0itAD=s88-c-k-c0x00ffffff-no-rj","SET India"
"1697792684-5","https://socialbook.io/youtube-channel-rank/top-200-youtubers","https://yt3.ggpht.com/ytc/APkrFKZzu8D2-SwTaxHuZwNGDDdKc6TDWeczSmkqUS_K3Q=s88-c-k-c0x00ffffff-no-rj","✿ Kids Diana Show"
"1697792684-6","https://socialbook.io/youtube-channel-rank/top-200-youtubers","https://yt3.ggpht.com/5oUY3tashyxfqsjO5SGhjT4dus8FkN9CsAHwXWISFrdPYii1FudD4ICtLfuCw6-THJsJbgoY=s88-c-k-c0x00ffffff-no-rj","PewDiePie"
"1697792684-7","https://socialbook.io/youtube-channel-rank/top-200-youtubers","https://yt3.ggpht.com/ytc/APkrFKZQUHZKH4bZxWg3QFFIV_O5ZunEk7sNt1Aj8GWC2w=s88-c-k-c0x00ffffff-no-rj","Like Nastya"
"1697792684-8","https://socialbook.io/youtube-channel-rank/top-200-youtubers","https://yt3.ggpht.com/RlnpUc0SBCmYvseTqUqAfYeyHw0nHcmqQIVS0vMcTKpk3gQAY0ZZY1JpUxxjLPAYROhDYKub=s88-c-k-c0x00ffffff-no-rj","Vlad and Niki"
"1697792684-9","https://socialbook.io/youtube-channel-rank/top-200-youtubers","https://yt3.ggpht.com/5ozNNrQBUJY8TPt2BYo6fEL-07ilkWHVedWCGFjtvuHU0aYrg1Iop-LJvprodA1_9-MTv7G_YA=s88-c-k-c0x00ffffff-no-rj","Zee Music Company"
"1697792684-10","https://socialbook.io/youtube-channel-rank/top-200-youtubers","https://yt3.ggpht.com/ytc/APkrFKaERKeBTY6Z-ktDAHmsZ38tbAi2M84InFei9RtiPmQ=s88-c-k-c0x00ffffff-no-rj","WWE"
"1697792684-11","https://socialbook.io/youtube-channel-rank/top-200-youtubers","https://yt3.ggpht.com/hZDUwjoeQqigphL4A1tkg9c6hVp5yXmbboBR7PYFUSFj5PIJSA483NB5v7b0XVoTN9GCku3tqQ=s88-c-k-c0x00ffffff-no-nd-rj","BLACKPINK"
"1697792684-12","https://socialbook.io/youtube-channel-rank/top-200-youtubers","https://yt3.ggpht.com/wblvtoHFXpBoat-oNukycB5auBa45inSwiyghE8gac3MN_ridYgeY1kHRKCkBrb1slgpIlO6Vw=s88-c-k-c0x00ffffff-no-rj","Goldmines Telefilms"
"1697792684-13","https://socialbook.io/youtube-channel-rank/top-200-youtubers","https://yt3.ggpht.com/WrjDeIWr2pmRdCKFuEDfvkovr0O_o7gyfT_J_AMJjFk5KR9HGQVirOP0DeimyAoBUHRfH79X=s88-c-k-c0x00ffffff-no-rj","SAB TV"
"1697792684-14","https://socialbook.io/youtube-channel-rank/top-200-youtubers","https://yt3.ggpht.com/rrMcZWXHcMJ-GikSl3uEmB2gwu9uWg4gbgvI4_tFcNEkc5ys2emF0Oz6733mDVdaxz2jQ07xzQ=s88-c-k-c0x00ffffff-no-rj","5-Minute Crafts"
"1697792684-15","https://socialbook.io/youtube-channel-rank/top-200-youtubers","https://yt3.ggpht.com/zL7KDS7WEHVbgpo6dM91hL5e91etHiuq2umW32iSePrhE5411SPsEdpAEcf5m5mYS-a_vpl7Ww=s88-c-k-c0x00ffffff-no-nd-rj","BANGTANTV"
"1697792684-16","https://socialbook.io/youtube-channel-rank/top-200-youtubers","https://yt3.ggpht.com/ytc/APkrFKaZvNyoZQxBIddiPWDtjJBbn3emW7HO7w_rwl8r9g=s88-c-k-c0x00ffffff-no-rj","zeetv"
"1697792684-17","https://socialbook.io/youtube-channel-rank/top-200-youtubers","https://yt3.ggpht.com/ytc/APkrFKaWqx5IfcKbi5z8FgPsM_kA6NQ2zTAx8gr27yQcdQ=s88-c-k-c0x00ffffff-no-rj","ibighit"
"1697792684-18","https://socialbook.io/youtube-channel-rank/top-200-youtubers","https://yt3.ggpht.com/ytc/APkrFKZLQLDSAo7zuKXXxvL438Xe0Y5QJIimSTez0R-jWg=s88-c-k-c0x00ffffff-no-rj-mo","Justin Bieber"
"1697792684-19","https://socialbook.io/youtube-channel-rank/top-200-youtubers","https://yt3.ggpht.com/ytc/APkrFKY1abvm7XWQT8OE29QjInuGLHKswddflKJ9w5-D_g=s88-c-k-c0x00ffffff-no-rj-mo","Pinkfong Baby Shark - Kids' Songs & Stories"
"1697792684-20","https://socialbook.io/youtube-channel-rank/top-200-youtubers","https://yt3.ggpht.com/ytc/APkrFKZPV4J839Rbl6HPlbmBM5RToskBd-rL5rv0CgXrkQ=s88-c-k-c0x00ffffff-no-rj","ChuChu TV Nursery Rhymes & Kids Songs"
"1697792684-21","https://socialbook.io/youtube-channel-rank/top-200-youtubers","https://yt3.ggpht.com/b3nRDgoomGiaTDfpro0h564ZyRp4gGJrBKo4v0KbUU64RUr5XOrbKTESbKtw5v0J2bu1C9qJpHg=s88-c-k-c0x00ffffff-no-rj","Canal KondZilla"
"1697792684-22","https://socialbook.io/youtube-channel-rank/top-200-youtubers","https://yt3.ggpht.com/ytc/AOPolaQdY4eoQNlPTva1r4uTw2Xt5lnisnOayPgPcMiK=s88-c-k-c0x00ffffff-no-rj","Colors TV"
"1697792684-23","https://socialbook.io/youtube-channel-rank/top-200-youtubers","https://yt3.ggpht.com/dKBpjdqRkmSJqqLUybd9iygGh1iyZgqEkqVDaYaFvrs0ZO93bbVq00L4TQH2XabJYOq1Igp1QA=s88-c-k-c0x00ffffff-no-rj","Shemaroo Filmi Gaane"
"1697792684-24","https://socialbook.io/youtube-channel-rank/top-200-youtubers","https://yt3.ggpht.com/ytc/AOPolaT_LrhGz_LiCkKcKhhFL5lkoHVNwugdjK-ssEBoN2U=s88-c-k-c0x00ffffff-no-rj","T-Series Bhakti Sagar"
"1697792684-25","https://socialbook.io/youtube-channel-rank/top-200-youtubers","https://yt3.ggpht.com/N4WwfnhSIWuj9qUZVQ-feSK6unTk-_5nqs_vzw_MZmcfn6CwrCdOIZfKEdGDqSHCFreRERgWTg=s88-c-k-c0x00ffffff-no-rj","Tips Official"
"1697792684-26","https://socialbook.io/youtube-channel-rank/top-200-youtubers","https://yt3.ggpht.com/jFbYrEa2l1kSn9YlwRhmXNa7Cjo7GFc8B7lfVuov2igBY5rYYKv5wSM4HgcRd9JhcpWFLZ2qP84=s88-c-k-c0x00ffffff-no-rj","El Reino Infantil"
"1697792684-27","https://socialbook.io/youtube-channel-rank/top-200-youtubers","https://yt3.ggpht.com/QSCDnr5KmYElRp-zYpdW-txkiRo-HYF6Ah1SvMF_7MlspmO1fwYOy7P1jnim8HqezI8IZZKcPQ=s88-c-k-c0x00ffffff-no-rj","Movieclips"
"1697792684-28","https://socialbook.io/youtube-channel-rank/top-200-youtubers","https://yt3.ggpht.com/ytc/APkrFKZ9O4Qyit6RKSTreLr1DrAXRuuxKPf6EBHfZixKaw=s88-c-k-c0x00ffffff-no-rj","Dude Perfect"
"1697792684-29","https://socialbook.io/youtube-channel-rank/top-200-youtubers","https://yt3.ggpht.com/ytc/APkrFKZKgGzdubzPHWv93ioZkQ1FGX4HhMOZGEsoHQrc_5U=s88-c-k-c0x00ffffff-no-rj","Aaj Tak"
"1697792684-30","https://socialbook.io/youtube-channel-rank/top-200-youtubers","https://yt3.ggpht.com/m8TXXuv9krYPmPXDWKrqdG0Tay96nIaWN4ZFbu2_ZM2KN_y_zwQa2x4eMx4zYl1PzikagfqWG_Q=s88-c-k-c0x00ffffff-no-rj","Wave Music"
"1697792684-31","https://socialbook.io/youtube-channel-rank/top-200-youtubers","https://yt3.ggpht.com/cE8QOPMlZBkzDHCp-7F35Rtahl64oPrdKaKZ2AgAdBs0tiOw1e9SVAEaPsa6RVGmKRW8leV8=s88-c-k-c0x00ffffff-no-rj","Sony Music India"
"1697792684-32","https://socialbook.io/youtube-channel-rank/top-200-youtubers","https://yt3.ggpht.com/ytc/APkrFKa9UGCuQ1IgMpmCGrWZp85Z0fEM1Rlp7NCRxdtLIw=s88-c-k-c0x00ffffff-no-rj-mo","EminemMusic"
"1697792684-33","https://socialbook.io/youtube-channel-rank/top-200-youtubers","https://yt3.ggpht.com/ytc/APkrFKb7MwIeX0Csx15JN7rX0ZffakUoVTniaQ8V3sKOsA=s88-c-k-c0x00ffffff-no-rj","Infobells - Hindi"
"1697792684-34","https://socialbook.io/youtube-channel-rank/top-200-youtubers","https://yt3.ggpht.com/gCAlgUmrZ0D4gEzRIwk2Bc1hf5PMUNF3cBk90pR2D6fgkU1IhjuvkruStrhQdKVL3ekINivc=s88-c-k-c0x00ffffff-no-nd-rj","Marshmello"
"1697792684-35","https://socialbook.io/youtube-channel-rank/top-200-youtubers","https://yt3.ggpht.com/b42QCAmVJ0kzNNi10_HmhsdfPEATQATS80hbLyHVJcVm6drn5pKtC6MY6wTluXi5iZ8_is5Q_Q=s88-c-k-c0x00ffffff-no-rj","YRF"
"1697792684-36","https://socialbook.io/youtube-channel-rank/top-200-youtubers","https://yt3.ggpht.com/ytc/APkrFKYlG6vYZhRjsWyoavO0DIoHCOzd8Sh83VuD6wSguA=s88-c-k-c0x00ffffff-no-rj","LooLoo Kids - Nursery Rhymes and Children's Songs"
"1697792684-37","https://socialbook.io/youtube-channel-rank/top-200-youtubers","https://yt3.ggpht.com/NzgWbFspgbM0D8pGL8aqafSDtHO9aSt79kbDXwS8yy3rEMMz93vnLSEaDfgPciVKAzOYy0Dx=s88-c-k-c0x00ffffff-no-nd-rj","Taylor Swift"
"1697792684-38","https://socialbook.io/youtube-channel-rank/top-200-youtubers","https://yt3.ggpht.com/DyJlQOK6ohCFDODWWfZ3wjT6dabLcNTPLI6ksUsZGjRthU1JfXgGyPDawVhN9T3sT8uQT0sTfA=s88-c-k-c0x00ffffff-no-nd-rj","Ed Sheeran"
"1697792684-39","https://socialbook.io/youtube-channel-rank/top-200-youtubers","https://yt3.ggpht.com/muhmpoanVJwWAoOQSQvQwn9-sTXs3JYViq8AHZn5CceNY0DFktPEnfzD8mk60E3PVyvzaKRtLQ=s88-c-k-c0x00ffffff-no-rj","BillionSurpriseToys  - Nursery Rhymes & Cartoons"
"1697792684-40","https://socialbook.io/youtube-channel-rank/top-200-youtubers","https://yt3.ggpht.com/ytc/APkrFKZVlmbWczZxyNCqWkJgvNRCNPdCjkJmsoXpqxZvgA=s88-c-k-c0x00ffffff-no-rj-mo","Ariana Grande"
"1697792684-41","https://socialbook.io/youtube-channel-rank/top-200-youtubers","https://yt3.ggpht.com/ytc/APkrFKbICyXfcfR1K6UMCPorIMVM_bdSydFGyiBW4eCQ=s88-c-k-c0x00ffffff-no-rj","Shemaroo"
"1697792684-42","https://socialbook.io/youtube-channel-rank/top-200-youtubers","https://yt3.ggpht.com/ytc/APkrFKaouUxM2U3bq3jKlFZDf_psFlK5Z_tyBCi_U-6bvA=s88-c-k-c0x00ffffff-no-rj","JuegaGerman"
"1697792684-43","https://socialbook.io/youtube-channel-rank/top-200-youtubers","https://yt3.ggpht.com/ytc/APkrFKaZfhLpJ5dKm00prHJgxis4EZYwjvW3agj12X0-VA=s88-c-k-c0x00ffffff-no-rj-mo","Billie Eilish"
"1697792684-44","https://socialbook.io/youtube-channel-rank/top-200-youtubers","https://yt3.ggpht.com/fj0Uj2NP2Ilba8iudpRkajdV6miT5WAVTTMr30gGfPyxDTmy1gahB5IU12DcHjzkkyva8ScFQQ=s88-c-k-c0x00ffffff-no-rj","Get Movies"
"1697792684-45","https://socialbook.io/youtube-channel-rank/top-200-youtubers","https://yt3.ggpht.com/864doKU5dHaElIygrryIRhjDM0Xon4YubVm47ROVbyEiIWEiiIFbHOp7ladP00c-lTyfVhuh=s88-c-k-c0x00ffffff-no-rj","SonyMusicIndiaVEVO"
"1697792684-46","https://socialbook.io/youtube-channel-rank/top-200-youtubers","https://yt3.ggpht.com/ytc/APkrFKYLjKFCe6Qlp28bBQYHKBAreuptY22iC0UpdXmUMg=s88-c-k-c0x00ffffff-no-rj","A4"
"1697792684-47","https://socialbook.io/youtube-channel-rank/top-200-youtubers","https://yt3.ggpht.com/QhOVHhLgg5wFu4H4gA9qOVoavng-T2xoA62cXVV-dk-j8phnED3P8whca8CETo0GuAVhQgtO=s88-c-k-c0x00ffffff-no-rj","ARY Digital HD"
"1697792684-48","https://socialbook.io/youtube-channel-rank/top-200-youtubers","https://yt3.ggpht.com/80xetee0SWVYmzEzpqOHG-MhmBZ1xapnmGVAUqtYxQnVSB7-NAh95XzCF6iexAuclKTns0b-=s88-c-k-c0x00ffffff-no-rj","Badabun"
"1697792684-49","https://socialbook.io/youtube-channel-rank/top-200-youtubers","https://yt3.ggpht.com/MH1BdZQE2X6k3WlIns2YlyBNude9Qh3nN0dnG-_zvkM1o5gzBS3upL-C2w6Xm6DysPyg4x8ZHhQ=s88-c-k-c0x00ffffff-no-nd-rj","Bad Bunny"
"1697792684-50","https://socialbook.io/youtube-channel-rank/top-200-youtubers","https://yt3.ggpht.com/qsuzLDGZ9P2lVK2RCmzYo78zWO8PtoaevySKQmQEnv874EXyq8CtwPn64n2T3grp6KXJSnOt=s88-c-k-c0x00ffffff-no-rj","HAR PAL GEO"
"1697792684-51","https://socialbook.io/youtube-channel-rank/top-200-youtubers","https://yt3.ggpht.com/ytc/APkrFKYG47bzlplrY1N210DEIAOvXAXqHjs6Sd_qYrhtig=s88-c-k-c0x00ffffff-no-rj","Fernanfloo"
"1697792684-52","https://socialbook.io/youtube-channel-rank/top-200-youtubers","https://yt3.ggpht.com/ytc/APkrFKbYvzZErIdluedUkOYBhQCjcr44bIo7UIhW69riNw=s88-c-k-c0x00ffffff-no-rj","Voot Kids"
"1697792684-53","https://socialbook.io/youtube-channel-rank/top-200-youtubers","https://yt3.ggpht.com/Rcs2MCvPuf_tvCDxDt4ZCDavhxxt7x3W_dbs0BzXDp6GrlAbDcrjl9VpfsZHBCStRtk0U5ei=s88-c-k-c0x00ffffff-no-rj","Felipe Neto"
"1697792684-54","https://socialbook.io/youtube-channel-rank/top-200-youtubers","https://yt3.ggpht.com/ytc/APkrFKY4ZHzvU2_tqqnBn3HE4FrATDUef-fqWjPKJuKmow=s88-c-k-c0x00ffffff-no-rj","ABS-CBN Entertainment"
"1697792684-55","https://socialbook.io/youtube-channel-rank/top-200-youtubers","https://yt3.ggpht.com/ytc/APkrFKY7sDoOVFnhTD0cc-uYL_v36bsp0058IjJETN3Q0Q=s88-c-k-c0x00ffffff-no-rj","Você Sabia?"
"1697792684-56","https://socialbook.io/youtube-channel-rank/top-200-youtubers","https://yt3.ggpht.com/EnrubLSuM4kwxuk4jZe38LlMyFfEFPn_uSA47zA8JR7Fgk4f5pUolu0dpGK5JgZBZmzeUBl5Nw=s88-c-k-c0x00ffffff-no-nd-rj","Shakira"
"1697792684-57","https://socialbook.io/youtube-channel-rank/top-200-youtubers","https://yt3.ggpht.com/ytc/APkrFKZySAUzjAANkrV1t3NQdFOlJrcBAbcIkFr9STDNHg=s88-c-k-c0x00ffffff-no-rj","Toys and Colors"
"1697792684-58","https://socialbook.io/youtube-channel-rank/top-200-youtubers","https://yt3.ggpht.com/y9hRHBYFim_a5y3Vx7KuKoTyM3uaLAGbD2ZwmXfSRtl1ygTx4sPBWOdXB5O_pMnx13nAGCJc=s88-c-k-c0x00ffffff-no-rj","Маша и Медведь"
"1697792684-59","https://socialbook.io/youtube-channel-rank/top-200-youtubers","https://yt3.ggpht.com/8s2hH6UfSKbED2-UUVgCALU5BXXxvnk2ueNzBaCU-exfeoC9X1OZzDa6uqzI4cOA3ZDqyXjIsg=s88-c-k-c0x00ffffff-no-nd-rj","Katy Perry"
"1697792684-60","https://socialbook.io/youtube-channel-rank/top-200-youtubers","https://yt3.ggpht.com/QnTNTL6lvpKA-OWYdSwke3kF9GEBoriwaaHlbOOo4E7hRuXBEiO1mrYsvmk8xQznjg3GKWUT=s88-c-k-c0x00ffffff-no-rj","BRIGHT SIDE"
"1697792684-61","https://socialbook.io/youtube-channel-rank/top-200-youtubers","https://yt3.ggpht.com/LjpOv26rphYWGGlX1DbtAo1sINXKhO1dpF6Pr1dUWrpNPx8f4tesSss_UJbpxg3PK8veejYX=s88-c-k-c0x00ffffff-no-rj","Mikecrack"
"1697792684-62","https://socialbook.io/youtube-channel-rank/top-200-youtubers","https://yt3.ggpht.com/dLEOpt3o0c7rg7R1txAmNA-XNXqsOEKrSd7bD35dga98YYyV8-i4ASf9Ba2UM4XBEBD4U3s28o0=s88-c-k-c0x00ffffff-no-nd-rj","Alan Walker"
"1697792684-63","https://socialbook.io/youtube-channel-rank/top-200-youtubers","https://yt3.ggpht.com/_LwwOiyrbdyWg22vgRobEGZMYWR59hpjom1audvZ_pHF3aFMaxnXO9g-4kvJRHm0AyhJG91k6Q=s88-c-k-c0x00ffffff-no-rj","Masha and The Bear"
"1697792684-64","https://socialbook.io/youtube-channel-rank/top-200-youtubers","https://yt3.ggpht.com/TykfQRvsFi3EgRkfsSDFUqbRWAE0MOd9tYu4ySoiHcQhPs4sUYQ0X-nk-2G41Ez-9MWDz59k=s88-c-k-c0x00ffffff-no-rj","whinderssonnunes"
"1697792684-65","https://socialbook.io/youtube-channel-rank/top-200-youtubers","https://yt3.ggpht.com/ytc/APkrFKY0lOR3thozpXSzjaQwnIxEo1saCzaxbgWag7H2WQ=s88-c-k-c0x00ffffff-no-rj","HolaSoyGerman."
"1697792684-66","https://socialbook.io/youtube-channel-rank/top-200-youtubers","https://yt3.ggpht.com/ytc/APkrFKafag9ZyWgnPZOQyuVd4DbzllFNyygzZpKwdaBb4w=s88-c-k-c0x00ffffff-no-rj","Speed Records"
"1697792684-67","https://socialbook.io/youtube-channel-rank/top-200-youtubers","https://yt3.ggpht.com/QRUZOURCOTTbtSQxY-Z2VGwMOdpPZOqxZR1hTaJQRd_Fa-L2j_93QRWFn_ZbXAVOfMhmfIaBlQ=s88-c-k-c0x00ffffff-no-rj","Ishtar Music"
"1697792684-68","https://socialbook.io/youtube-channel-rank/top-200-youtubers","https://yt3.ggpht.com/C0S2fy5ZGJ5FEJaykNdDnLUDJ8I9PzDEqZYT4snUJsBHnrl5KZJgmLx6JVOe0omgInpwrfFwsw=s88-c-k-c0x00ffffff-no-rj","Like Nastya Show"
"1697792684-69","https://socialbook.io/youtube-channel-rank/top-200-youtubers","https://yt3.ggpht.com/91Pb6PRMv30bANs5mIFDE9FHMkk8ht8zd5d2cwdQ0u0xri2HNZ1WBSs3UmelM13Dnwh1TzND=s88-c-k-c0x00ffffff-no-rj","Kimberly Loaiza"
"1697792684-70","https://socialbook.io/youtube-channel-rank/top-200-youtubers","https://yt3.ggpht.com/YU2mwJNyBinBPRQRE4hLHK5zqb1ze5BgrdlFQSINRcYB3Ob-RgZiPWt_jGn8SuYEwovtWT5IB_s=s88-c-k-c0x00ffffff-no-nd-rj","Rihanna"
"1697792684-71","https://socialbook.io/youtube-channel-rank/top-200-youtubers","https://yt3.ggpht.com/ytc/APkrFKY-TKOgTF1bXy2GFCc8fIMU1HKP53JZPvU86380Fw=s88-c-k-c0x00ffffff-no-rj","Luisito Comunica"
"1697792684-72","https://socialbook.io/youtube-channel-rank/top-200-youtubers","https://yt3.ggpht.com/AJOrVgOGL7Zs3H2Tsi2L1TK2Z1cjJGovcqrg9vb061mANcao3riSr6uenr1lhQfKBFgAIOUMmw=s88-c-k-c0x00ffffff-no-nd-rj","Little Baby Bum - Nursery Rhymes & Kids Songs"
"1697792684-73","https://socialbook.io/youtube-channel-rank/top-200-youtubers","https://yt3.ggpht.com/ZXszjo58mSSEwxI4QsgV5fbQYQLHr4awrKVR6SeWMbxWd90aC5X0V416UZJqLYi9udmjDnGBdmk=s88-c-k-c0x00ffffff-no-rj","Jess No Limit"
"1697792684-74","https://socialbook.io/youtube-channel-rank/top-200-youtubers","https://yt3.ggpht.com/ytc/APkrFKaLJAKr3CnYH8K7MqtZ6eVodG1Tw91LGPyH6nNRIw=s88-c-k-c0x00ffffff-no-rj","shfa2 - شفا"
"1697792684-75","https://socialbook.io/youtube-channel-rank/top-200-youtubers","https://yt3.ggpht.com/j01juFvKwHnKHdgcklpPKLkfNBuGbGJKLBwXVhbN_5LeCU3S9bTsHBL-MKPRQCjpZpfPJ_dJ=s88-c-k-c0x00ffffff-no-rj","CarryMinati"
"1697792684-76","https://socialbook.io/youtube-channel-rank/top-200-youtubers","https://yt3.ggpht.com/ytc/APkrFKZzGY-pMU6yzL0_RyARsbj6JYxnK2UD3PxDk7ZD4A=s88-c-k-c0x00ffffff-no-rj","Luccas Neto"
"1697792684-77","https://socialbook.io/youtube-channel-rank/top-200-youtubers","https://yt3.ggpht.com/ytc/APkrFKaopPOFdkzqnW9XIdrqyxaMnCFns9tw4H4ObMKk0Kw=s88-c-k-c0x00ffffff-no-rj","elrubiusOMG"
"1697792684-78","https://socialbook.io/youtube-channel-rank/top-200-youtubers","https://yt3.ggpht.com/wfO1-J_V0yO6VW2F0MKGdvORISTzvdIWmfV8ghkZpHH4nOLHhARqFsBNVp4Ey9_cphHcq8zTWQ=s88-c-k-c0x00ffffff-no-rj","Super Simple Songs - Kids Songs"
"1697792684-79","https://socialbook.io/youtube-channel-rank/top-200-youtubers","https://yt3.ggpht.com/ytc/APkrFKauCJ2yelRS-dOSpmlusek84PdE7COmvSyK0b7NGA=s88-c-k-c0x00ffffff-no-rj-mo","xxxtentacion"
"1697792684-80","https://socialbook.io/youtube-channel-rank/top-200-youtubers","https://yt3.ggpht.com/jAK27sQjCQHZ-ejBPREZ937TAIr2a7FCqdgM0B6u96SJGBJPUQgOjPEXRWLsH-oCsfzDaRXAeA=s88-c-k-c0x00ffffff-no-rj","WorkpointOfficial"
"1697792684-81","https://socialbook.io/youtube-channel-rank/top-200-youtubers","https://yt3.ggpht.com/VOA248eC5ZqaAhaBvgLEeZTrZYHkWuU0q9g0L7NJ8MznXX2mFz1Wf6erh9OSPrp1OTSnDpbUwA=s88-c-k-c0x00ffffff-no-rj","Goldmines Gaane Sune Ansune"
"1697792684-82","https://socialbook.io/youtube-channel-rank/top-200-youtubers","https://yt3.ggpht.com/Uq20j0K4vF0HvLzdf2djGZuBFEEZrm3cYam9hHWWy8RtmNnHsLX19XHksa4j7vijrjCR8lc3=s88-c-k-c0x00ffffff-no-rj","GR6 EXPLODE"
"1697792684-83","https://socialbook.io/youtube-channel-rank/top-200-youtubers","https://yt3.ggpht.com/70r5TkYTLC0cpKLAiQEvcWLeIHB8yxoiog0nQIK9MmnZHqkICy0YA-jAaqfT2ChOBwehskjf5g=s88-c-k-c0x00ffffff-no-rj","TEDx Talks"
"1697792684-84","https://socialbook.io/youtube-channel-rank/top-200-youtubers","https://yt3.ggpht.com/ytc/APkrFKYdmHGIGjd8Yr6R7t5kGZwsNfIDPvG_huERCUrJVg=s88-c-k-c0x00ffffff-no-rj","MrBeast Gaming"
"1697792684-85","https://socialbook.io/youtube-channel-rank/top-200-youtubers","https://yt3.ggpht.com/ytc/APkrFKakNs9fJWFUKYMkqRdxPRkPf6pJdzfOiOJBWoqZfg=s88-c-k-c0x00ffffff-no-rj","shfa"
"1697792684-86","https://socialbook.io/youtube-channel-rank/top-200-youtubers","https://yt3.ggpht.com/FBWqKhwFT2J2A_NbsoWYjPgfr5lKBV-ukz6umw4NKJFSnkhNDdwCN-JsIUii-WUhLS82XaEY=s88-c-k-c0x00ffffff-no-rj","Vlad và Niki"
"1697792684-87","https://socialbook.io/youtube-channel-rank/top-200-youtubers","https://yt3.ggpht.com/C2LsE5yGdsAyVyR3I3RPnIcrRQqLKrn5jygoQOWkyWH2Aol4nKlsh3HamGe9EYQK_TLfDzM0KQ=s88-c-k-c0x00ffffff-no-rj","Sony PAL"
"1697792684-88","https://socialbook.io/youtube-channel-rank/top-200-youtubers","https://yt3.ggpht.com/Ddruxj9TMhWiKp6vAxS9kuNGb7rlQNDLvBGgkgaDowKYaDd3GNTmoRL_H9uIIopcVfozoXUk0Q=s88-c-k-c0x00ffffff-no-nd-rj","Ricis Official"
"1697792684-89","https://socialbook.io/youtube-channel-rank/top-200-youtubers","https://yt3.ggpht.com/ytc/APkrFKbZpyNco0oPLKkHbKc6qFFd3SWFEQ5kY1QCYNdPHbg=s88-c-k-c0x00ffffff-no-rj","ABP NEWS"
"1697792684-90","https://socialbook.io/youtube-channel-rank/top-200-youtubers","https://yt3.ggpht.com/FoeSgvOli0PBiceXfMA-ljrzitLkXflJKexsRO9bnDWyVWwZ8zxL5etWIga09sypA8QTdPsNtOo=s88-c-k-c0x00ffffff-no-rj","ช่อง one31"
"1697792684-91","https://socialbook.io/youtube-channel-rank/top-200-youtubers","https://yt3.ggpht.com/E7ltn3UkjB8sGiZ2hmhJTqZ48kbeCJ42Hzk5oWlJ9Bxi4H3Au1gZPZiBP55rRzDGk_sNFhDL=s88-c-k-c0x00ffffff-no-rj","Like Nastya ESP"
"1697792684-92","https://socialbook.io/youtube-channel-rank/top-200-youtubers","https://yt3.ggpht.com/ytc/APkrFKZo9ld_C1cKNu-yPWgXQOlxAtH68M-haOLUNwJdmPA=s88-c-k-c0x00ffffff-no-rj-mo","One Direction"
"1697792684-93","https://socialbook.io/youtube-channel-rank/top-200-youtubers","https://yt3.ggpht.com/ngsSNacaotP_6KLU6VudiMdGtW6NPIcY0lrm8xPcys2U22KAsTdPpLLkpMsLWb0ExDTHl7MzpQ=s88-c-k-c0x00ffffff-no-nd-rj","Daddy Yankee"
"1697792684-94","https://socialbook.io/youtube-channel-rank/top-200-youtubers","https://yt3.ggpht.com/I0j6g1bOYmGniEtkySB7tmvHxmo5InW1gqGRZJfFT_ErwZbRMKATBkUQyYutEPTB2A-Z2C0Z6w=s88-c-k-c0x00ffffff-no-rj","TheEllenShow"
"1697792684-95","https://socialbook.io/youtube-channel-rank/top-200-youtubers","https://yt3.ggpht.com/584JjRp5QMuKbyduM_2k5RlXFqHJtQ0qLIPZpwbUjMJmgzZngHcam5JMuZQxyzGMV5ljwJRl0Q=s88-c-k-c0x00ffffff-no-rj","YouTube Spotlight"
"1697792684-96","https://socialbook.io/youtube-channel-rank/top-200-youtubers","https://yt3.ggpht.com/ytc/APkrFKaeBg-yti-LFKB9PZ77jLjBELjMurH1G-41BmMYXQ=s88-c-k-c0x00ffffff-no-rj","Maria Clara & JP"
"1697792684-97","https://socialbook.io/youtube-channel-rank/top-200-youtubers","https://yt3.ggpht.com/dxED1O-r5cRS73JBlUk4VS3pZHDfiHcuRjRbFMcf6KgYhxP4NUlD7x0h4TR1XTXkl-JGjTPTYQ=s88-c-k-c0x00ffffff-no-rj","Saregama Music"
"1697792684-98","https://socialbook.io/youtube-channel-rank/top-200-youtubers","https://yt3.ggpht.com/mRFlX5QWMfFeYWP-6mGdYbud9fEmF3C4ObqxAti-zBw1TAMriwZNUzBUsLGCVkVcl6WXzRGu_A=s88-c-k-c0x00ffffff-no-rj","PowerKids TV"
"1697792684-99","https://socialbook.io/youtube-channel-rank/top-200-youtubers","https://yt3.ggpht.com/ZxKiQLpl-CV6WuANMbPZlaiAtEo1B1zz1JCjaKnrvS2QPPcf2nDDbppy04ibIAG2WKARJu-0qw=s88-c-k-c0x00ffffff-no-rj","Ultra Bollywood"
"1697792684-100","https://socialbook.io/youtube-channel-rank/top-200-youtubers","https://yt3.ggpht.com/EmfjGq1XlH200q0R6tEaTiwX_q-XlXQpbA0_SrDJx8H0iMNKJofhK7Gn319-O9_yAqvMVEUViw=s88-c-k-c0x00ffffff-no-rj","Jkk Entertainment"
"1697792684-101","https://socialbook.io/youtube-channel-rank/top-200-youtubers","https://yt3.ggpht.com/vE1ESBld6LqHBv7339FuPAn1WBKJR5PFnZRzwqQ78Gp3zxB7seqCw6HfQLJIMTaz-iIjUj72=s88-c-k-c0x00ffffff-no-nd-rj","Bruno Mars"
"1697792684-102","https://socialbook.io/youtube-channel-rank/top-200-youtubers","https://yt3.ggpht.com/ZzSPvjZkl0zuJQbc8cOogz5cJ2sJP_n3Xiale8BIw3K7dHLDlYpzh_pSiYcMk1HLAdzMzzJbUf8=s88-c-k-c0x00ffffff-no-rj","La Granja de Zenón"
"1697792684-103","https://socialbook.io/youtube-channel-rank/top-200-youtubers","https://yt3.ggpht.com/CKUwWjEl7AG0onwyma72O-IwYQwhRcJjg4B6Q0B5MqZVv0ssbOuZRm189XQUOauQVMFZ4RqNBg=s88-c-k-c0x00ffffff-no-rj","Bollywood Classics"
"1697792684-104","https://socialbook.io/youtube-channel-rank/top-200-youtubers","https://yt3.ggpht.com/S_jTelpAHOdADumYkZAtwyLydEkqtv39s3T-Rmif0v1WCDb8pZit-Vlo43pR1jBEn0Tmcpkx=s88-c-k-c0x00ffffff-no-nd-rj","Maroon 5"
"1697792684-105","https://socialbook.io/youtube-channel-rank/top-200-youtubers","https://yt3.ggpht.com/XCYEOtOptEnbiC4K1uQ9GCuo9XvjDN2uJwKQ5cRr-ahTVZVbN7_C5S_zTkFSUY6XDI1aYc0E7A=s88-c-k-c0x00ffffff-no-rj","YOLO AVENTURAS"
"1697792684-106","https://socialbook.io/youtube-channel-rank/top-200-youtubers","https://yt3.ggpht.com/xvSPpZd-kEa6T3KgnlWv5YYkzLxf9UjWwnjlVBhtJR67qcipOq0sBjrgOd5_46mdoCE3cglT_w=s88-c-k-c0x00ffffff-no-rj","IndiaTV"
"1697792684-107","https://socialbook.io/youtube-channel-rank/top-200-youtubers","https://yt3.ggpht.com/ytc/APkrFKY8wf5AURpsURfn9d6LezFBWzku4lauBVGyoqK7rA=s88-c-k-c0x00ffffff-no-rj","Total Gaming"
"1697792684-108","https://socialbook.io/youtube-channel-rank/top-200-youtubers","https://yt3.ggpht.com/TBcn4Skb3O-HpnAo7gYPCAUOU4QyQ5E-7sG4wihuMbXRkqEZDXRZE0pP3LQwAUTfXms5LC3AOA=s88-c-k-c0x00ffffff-no-nd-rj","Ozuna"
"1697792684-109","https://socialbook.io/youtube-channel-rank/top-200-youtubers","https://yt3.ggpht.com/qj80UVa3fFaLL9c0Cgd-BrEPuShbZnGBqrh2AArMRlfH2DZRAl4ilScrSqIRR3WIu01lSlJM=s88-c-k-c0x00ffffff-no-rj","News"
"1697792684-110","https://socialbook.io/youtube-channel-rank/top-200-youtubers","https://yt3.ggpht.com/ytc/APkrFKZykI0xruR1bdES4GlfxP7g6S6AB4pFuEq2XqMAkA=s88-c-k-c0x00ffffff-no-rj-mo","Techno Gamerz"
"1697792684-111","https://socialbook.io/youtube-channel-rank/top-200-youtubers","https://yt3.ggpht.com/ytc/APkrFKZXRWgtHbPooc_fbS1a2KfUuIxZUGxCyOjZCT8buw=s88-c-k-c0x00ffffff-no-rj","Genevieve's Playhouse - Learning Videos for Kids"
"1697792684-112","https://socialbook.io/youtube-channel-rank/top-200-youtubers","https://yt3.ggpht.com/T5B5QmJslhGc_S3w59f2GOgS9eXPTT6-r4Gnw7FMc_CgIy1wld6sUJLP70LC4CIeeBgIWL-IWew=s88-c-k-c0x00ffffff-no-rj","TheDonato"
"1697792684-113","https://socialbook.io/youtube-channel-rank/top-200-youtubers","https://yt3.ggpht.com/ytc/APkrFKYlU2NO-TCe6x9IZRkhEkvZKk8MrQ2zFLmd7xh0VA=s88-c-k-c0x00ffffff-no-rj","Ryan's World"
"1697792684-114","https://socialbook.io/youtube-channel-rank/top-200-youtubers","https://yt3.ggpht.com/ytc/APkrFKbVKeVdgR19Nh6kfvbFFRZZn2_FKaiPaKkIp-inKQ=s88-c-k-c0x00ffffff-no-rj","Markiplier"
"1697792684-115","https://socialbook.io/youtube-channel-rank/top-200-youtubers","https://yt3.ggpht.com/ytc/APkrFKb1IbE31grYMrD8FxlirMqG10iOGv48czhCOvOUOQ=s88-c-k-c0x00ffffff-no-rj","Jingle Toons"
"1697792684-116","https://socialbook.io/youtube-channel-rank/top-200-youtubers","https://yt3.ggpht.com/_Pe9G6H-G3iM24nf6f3F72ML-IymtVQ74y2ipl0ln8bssp3_kWEcbpFf4UhvaHqcC8ehdZNnDA=s88-c-k-c0x00ffffff-no-rj","T-Series Apna Punjab"
"1697792684-117","https://socialbook.io/youtube-channel-rank/top-200-youtubers","https://yt3.ggpht.com/ytc/APkrFKYwnHeM_4i8P6icirBjbAObGwxPzQKBMwmeMpIYuQ=s88-c-k-c0x00ffffff-no-rj","Geet MP3"
"1697792684-118","https://socialbook.io/youtube-channel-rank/top-200-youtubers","https://yt3.ggpht.com/rVYnYxq5DsXQMK4awK0b3vr8z1lAqjb-MMMcXTpJ3XQe6X0kPezhH5CypC6toFeFaSiapFcn=s88-c-k-c0x00ffffff-no-rj","Fede Vigevani"
"1697792684-119","https://socialbook.io/youtube-channel-rank/top-200-youtubers","https://yt3.ggpht.com/ABrlZLbVjnSrzvXcwCr7VtCX_i1jkEaDsKz-9sECszoJNcuMzbfji1ZXydHtLC5Axv7V57iz4g=s88-c-k-c0x00ffffff-no-rj","Rajshri"
"1697792684-120","https://socialbook.io/youtube-channel-rank/top-200-youtubers","https://yt3.ggpht.com/G-A-BWeZ6ksPLx2dbP6nHdCV1AP9VCZts2_jEUCjH4znyUQqzTIFD-fufy-WwLEiPdxnRI6z=s88-c-k-c0x00ffffff-no-nd-rj","Galinha Pintadinha"
"1697792684-121","https://socialbook.io/youtube-channel-rank/top-200-youtubers","https://yt3.ggpht.com/fvB6uAUND3RPAuus_7gmFkGIwbV_DaSwfRhO_9ChUlZzRQHkx0uwYtuKjeCE5EtbwqcAdqMW5g=s88-c-k-c0x00ffffff-no-nd-rj","J Balvin"
"1697792684-122","https://socialbook.io/youtube-channel-rank/top-200-youtubers","https://yt3.ggpht.com/15tQxFe-sB8u_9AomX4M_FGRwcDmlmu6g_tCvfSQkSdkPJhH_y6g0fFM0J4kl5U8rxkJdIofyA=s88-c-k-c0x00ffffff-no-nd-rj","Selena Gomez"
"1697792684-123","https://socialbook.io/youtube-channel-rank/top-200-youtubers","https://yt3.ggpht.com/ytc/APkrFKbLZWDdfxq2PzgcVzaEKALbRUNs7LirztVk_cbVcw=s88-c-k-c0x00ffffff-no-rj-mo","CVS 3D Rhymes"
"1697792684-124","https://socialbook.io/youtube-channel-rank/top-200-youtubers","https://yt3.ggpht.com/ytc/APkrFKbpOgjog4WIPQ5fkjVlUaEKNs6c_eHSOS7uU4-M9A=s88-c-k-c0x00ffffff-no-rj","SSSniperWolf"
"1697792684-125","https://socialbook.io/youtube-channel-rank/top-200-youtubers","https://yt3.ggpht.com/RXtDdtVx7xdgFJfcf55bv4KNW-grD9nPq2uM0lV90isbD9A0aUVCdZXBMctTsSTWces7zn0o=s88-c-k-c0x00ffffff-no-rj","PANDA BOI"
"1697792684-126","https://socialbook.io/youtube-channel-rank/top-200-youtubers","https://yt3.ggpht.com/rB7WQTx6AXmeRZfrPFiyQa02hVZ1g3HbR-wCSdjLLs1VSekGzqGTLg4qMhUs4y6CpwsNnIh3pg=s88-c-k-c0x00ffffff-no-rj","Ch3Thailand"
"1697792684-127","https://socialbook.io/youtube-channel-rank/top-200-youtubers","https://yt3.ggpht.com/ytc/APkrFKbp_FVl3EyM54kUn7w8syi1KrM0Yfa7Ge6P69PVtQ=s88-c-k-c0x00ffffff-no-rj","VEGETTA777"
"1697792684-128","https://socialbook.io/youtube-channel-rank/top-200-youtubers","https://yt3.ggpht.com/fF1TvRxRrZLxDd_E5P9pEG26aYpY9FBj-imcHIDmdOG-e1MC-mGCbXkoRJcZg8a72C59nxGvyHM=s88-c-k-c0x00ffffff-no-rj","Desi Music Factory"
"1697792684-129","https://socialbook.io/youtube-channel-rank/top-200-youtubers","https://yt3.ggpht.com/ytc/APkrFKZSJ_pXRWQjxmqB5SfNVgR-Cplv3GF9Wh7Z0xGJhA=s88-c-k-c0x00ffffff-no-rj","KHANDESHI MOVIES"
"1697792684-130","https://socialbook.io/youtube-channel-rank/top-200-youtubers","https://yt3.ggpht.com/YIBi8NVC87fMfJHfQ2O0dyzjis7tUlO7VqWLhk1lq1fkIOQTrpX_Ip7G6S_u0IJosXYSe_Z9=s88-c-k-c0x00ffffff-no-rj","NoCopyrightSounds"
"1697792684-131","https://socialbook.io/youtube-channel-rank/top-200-youtubers","https://yt3.ggpht.com/7tTOD7OUmkVyZltudWEw8LxfCBmzI1S2lSCTHnAPGRI1JfExXpnVSNHMd9Ap4_6hwJou6hlhkQ=s88-c-k-c0x00ffffff-no-rj","AboFlah"
"1697792684-132","https://socialbook.io/youtube-channel-rank/top-200-youtubers","https://yt3.ggpht.com/ytc/APkrFKYpesaNj4wKijLT2Wyubwm3TvXXooX-5LeccK31cw=s88-c-k-c0x00ffffff-no-rj","DisneyMusicVEVO"
"1697792684-133","https://socialbook.io/youtube-channel-rank/top-200-youtubers","https://yt3.ggpht.com/xUNluV49IVyTddj1gAJDckh7Lr7kYoh_tYbKl--7vpl99CyRV-DoMkC-Xs4idb_wXVpvOVeZ=s88-c-k-c0x00ffffff-no-rj","WowKidz"
"1697792684-134","https://socialbook.io/youtube-channel-rank/top-200-youtubers","https://yt3.ggpht.com/t6WrGgobDD8qBMX5TFTl9xxwJHhN_cT6g-VM8wkWWTf2QUZyNTE2HYQ7B97WE-M6rbobmiTCkQ=s88-c-k-c0x00ffffff-no-rj","BabyBus - Kids Songs and Cartoons"
"1697792684-135","https://socialbook.io/youtube-channel-rank/top-200-youtubers","https://yt3.ggpht.com/QiI-c4cFyRPD0qVwTQooC3dlgJqHA_t6CpEAv818om-mqL9bqNDL4L_qXQVXx_eY76D_7cLD=s88-c-k-c0x00ffffff-no-nd-rj","xoxxxoooxo"
"1697792684-136","https://socialbook.io/youtube-channel-rank/top-200-youtubers","https://yt3.ggpht.com/Bcy-yZcsFlRwmYzKpCBy5auPWOV0qzofQTb_-l7IQTTbWAgBBnv5dU-bkv8sk2QmSZEXaXKE=s88-c-k-c0x00ffffff-no-nd-rj","Karolgmusic"
"1697792684-137","https://socialbook.io/youtube-channel-rank/top-200-youtubers","https://yt3.ggpht.com/ytc/AOPolaT7xiGixUFhTgzoeNm7RUkeB0XEPNbYYZG-FJRBpOE=s88-c-k-c0x00ffffff-no-rj","StarPlus"
"1697792684-138","https://socialbook.io/youtube-channel-rank/top-200-youtubers","https://yt3.ggpht.com/ytc/APkrFKYpx2GNut_pxbvhtCCKHWOq3CCKQIRaqJjq_rpDBA=s88-c-k-c0x00ffffff-no-rj","Frost Diamond"
"1697792684-139","https://socialbook.io/youtube-channel-rank/top-200-youtubers","https://yt3.ggpht.com/ytc/APkrFKZKHyhbC8N40uH8643_dvZiVjmLNZiKCCGi4l7miQ=s88-c-k-c0x00ffffff-no-rj","MR. INDIAN HACKER"
"1697792684-140","https://socialbook.io/youtube-channel-rank/top-200-youtubers","https://yt3.ggpht.com/FnhviaI0biyBNmuDksSUD6-bc1YT36CmQ6hM49QY0wxmHt-1dwTcJggMe_o5VzmbQEUt4Ra8=s88-c-k-c0x00ffffff-no-rj","GMA  Network"
"1697792684-141","https://socialbook.io/youtube-channel-rank/top-200-youtubers","https://yt3.ggpht.com/bcnSPX2PVmGdp_u0_3N2_L2nLXojM9HFyzbcg9UGPv3l9B9TZSDsDQvFoOM3Mnbz9M4xM_Oa8Is=s88-c-k-c0x00ffffff-no-rj","Eros Now"
"1697792684-142","https://socialbook.io/youtube-channel-rank/top-200-youtubers","https://yt3.ggpht.com/a_PqYAiIGWSJgBHHQqzJsRDNuhWCfq5y3_4T0X9rIz4WuYGsH99KIxnaEiM-YkSVjkdjUufp1Q=s88-c-k-c0x00ffffff-no-rj","Lucas and Marcus"
"1697792684-143","https://socialbook.io/youtube-channel-rank/top-200-youtubers","https://yt3.ggpht.com/P2dEEGGTZdLx7313inVbiONF5Kz-Pqik9o6s255XtMWMoxikwsswwvf57o3xBq7NSGsXK9lDNQ=s88-c-k-c0x00ffffff-no-rj","DaFuq!?Boom!"
"1697792684-144","https://socialbook.io/youtube-channel-rank/top-200-youtubers","https://yt3.ggpht.com/J7ANRfVmkOdP44qDLCaPuUtAukopBp37ambAkNnJvNQlzSel6Ryj_ZMDcVeDEDfnZ_O9Zhc5q-s=s88-c-k-c0x00ffffff-no-rj","MrBeast 2"
"1697792684-145","https://socialbook.io/youtube-channel-rank/top-200-youtubers","https://yt3.ggpht.com/ytc/APkrFKYPaQjIMYLycG8K0cSrvSRQhBE9e-XQicH2B86t5A=s88-c-k-c0x00ffffff-no-rj","Peppa Pig - Official Channel"
"1697792684-146","https://socialbook.io/youtube-channel-rank/top-200-youtubers","https://yt3.ggpht.com/ytc/APkrFKZH9JfLfxBzuP4ZpNmiNC2CEweC6DyJn2YUjhNdTQ=s88-c-k-c0x00ffffff-no-rj","Worldwide Records Bhojpuri"
"1697792684-147","https://socialbook.io/youtube-channel-rank/top-200-youtubers","https://yt3.ggpht.com/vZFILuFswtjUIU5oRCc79rxRdML5A_c-D_6AdvgAAd0hqSrJihyJFkT_CTSjYwSrHgiPAAozebY=s88-c-k-c0x00ffffff-no-rj","Zee News"
"1697792684-148","https://socialbook.io/youtube-channel-rank/top-200-youtubers","https://yt3.ggpht.com/ytc/APkrFKa3gnpQhE_9k_ppj2061E3XcpESY9CGJU-JUySqag=s88-c-k-c0x00ffffff-no-rj","Mr. Bean"
"1697792684-149","https://socialbook.io/youtube-channel-rank/top-200-youtubers","https://yt3.ggpht.com/l9bV3blw8MQ8X8WOV2yKgczxvHVmlTiOs5Xr2xGJwZl6ibV3g5Pk2_q2XFYWZDxL3-NPoPSR=s88-c-k-c0x00ffffff-no-rj","rezendeevil"
"1697792684-150","https://socialbook.io/youtube-channel-rank/top-200-youtubers","https://yt3.ggpht.com/_1Z4I2qpWaCN9g3BcDd3cVA9MDHOG43lE1YNWDNkKro49haGxkjwuFK-I8faWTKM6Jle9qb4ag=s88-c-k-c0x00ffffff-no-rj","SMTOWN"
"1697792684-151","https://socialbook.io/youtube-channel-rank/top-200-youtubers","https://yt3.ggpht.com/ytc/APkrFKa8hzRj9NTleAfuVv1eX5OfwwZGBQC3Kya0WUi5_g=s88-c-k-c0x00ffffff-no-rj","Dream"
"1697792684-152","https://socialbook.io/youtube-channel-rank/top-200-youtubers","https://yt3.ggpht.com/ytc/APkrFKZAn1QDThYr8tL3OFxgsdBiqP20BQhxuJjhGAnQZg=s88-c-k-c0x00ffffff-no-rj","GENIAL"
"1697792684-153","https://socialbook.io/youtube-channel-rank/top-200-youtubers","https://yt3.ggpht.com/dIL_Vgwl6Oox3kCAsiZHT8CINvSfyUfgv9W54LqFa1Ni5L52EXJyjLCVqnUQMIynRlI1faDDyg=s88-c-k-c0x00ffffff-no-rj","Zhong"
"1697792684-154","https://socialbook.io/youtube-channel-rank/top-200-youtubers","https://yt3.ggpht.com/7B0dGfRWzV1_OUqabaAtveGF0ujNvIWH6lq3kgt_f99iBtMTiWIYYnUCcM8Cf-EkbayyTGJoJqw=s88-c-k-c0x00ffffff-no-rj","Diana and Roma ESP"
"1697792684-155","https://socialbook.io/youtube-channel-rank/top-200-youtubers","https://yt3.ggpht.com/ytc/APkrFKZLQLDSAo7zuKXXxvL438Xe0Y5QJIimSTez0R-jWg=s88-c-k-c0x00ffffff-no-rj-mo","JustinBieberVEVO"
"1697792684-156","https://socialbook.io/youtube-channel-rank/top-200-youtubers","https://yt3.ggpht.com/gZXNbr5CAv-6RCt6JjVVA16C8YYRwjXYjkHy8HNLZ-BToPBnYru2a6xpopabgVa7NKIFaAsu=s88-c-k-c0x00ffffff-no-nd-rj","Luis Fonsi"
"1697792684-157","https://socialbook.io/youtube-channel-rank/top-200-youtubers","https://yt3.ggpht.com/spt0-WvxRP5pDgS4aGvsGCE5dL_sSmLFopbaFZgYCvzywNrAN9eRwFWHNzvryazrI3gs-rnHfgQ=s88-c-k-c0x00ffffff-no-rj","Alan Chikin Chow"
"1697792684-158","https://socialbook.io/youtube-channel-rank/top-200-youtubers","https://yt3.ggpht.com/ytc/APkrFKaYoNN0UW-1fDQdNoBFZtB-cuXiBJsGe1Yw7bV3pw=s88-c-k-c0x00ffffff-no-rj","Round2hell"
"1697792684-159","https://socialbook.io/youtube-channel-rank/top-200-youtubers","https://yt3.ggpht.com/ytc/APkrFKaya7mBalVEQ6jx9ZD7Z3QPeO08w7Eq556-9uNmxw=s88-c-k-c0x00ffffff-no-rj","व्लाद और निकिता"
"1697792684-160","https://socialbook.io/youtube-channel-rank/top-200-youtubers","https://yt3.ggpht.com/MltUW5WpFhX6GrMdSTSxpPQGivZVYdaS2aSDyZCNjd08r3_WSL1cnoikKgg0o4QcMOouQ_-PfA=s88-c-k-c0x00ffffff-no-rj","The Tonight Show Starring Jimmy Fallon"
"1697792684-161","https://socialbook.io/youtube-channel-rank/top-200-youtubers","https://yt3.ggpht.com/aXBmHKABw-J-0ZMxj39wkXpLDEHViOdL5UD71cDG2s5vbeQBWk9mdX3rRxT5U6Wfkvm6o8Uu-dU=s88-c-k-c0x00ffffff-no-nd-rj","ImagineDragons"
"1697792684-162","https://socialbook.io/youtube-channel-rank/top-200-youtubers","https://yt3.ggpht.com/ytc/APkrFKZOhfcy7Li-MXk4ko8VYb7DgsTz7MGhtmyyBx3QNw=s88-c-k-c0x00ffffff-no-rj","Enaldinho"
"1697792684-163","https://socialbook.io/youtube-channel-rank/top-200-youtubers","https://yt3.ggpht.com/FN5Fw861AcLErcyuyU3lV3glGMm2_5cEpJEfWRxuHv9igIocUgKfgdtyeDGiYGu0VRFMQxXq=s88-c-k-c0x00ffffff-no-rj","AH"
"1697792684-164","https://socialbook.io/youtube-channel-rank/top-200-youtubers","https://yt3.ggpht.com/ytc/APkrFKZCz2lPRQI4f35vINgPsYjfZQKOU10eO9dmILXfHw=s88-c-k-c0x00ffffff-no-rj","قناة طيور الجنة | toyoraljanahtv"
"1697792684-165","https://socialbook.io/youtube-channel-rank/top-200-youtubers","https://yt3.ggpht.com/YuRHl_4murHobFsrHDkpJANVHzXYTgP68zysfrsNPIRMr8fKSzEP_4y6cFeE5WfpWOdxVH4sO-8=s88-c-k-c0x00ffffff-no-nd-rj","Adele"
"1697792684-166","https://socialbook.io/youtube-channel-rank/top-200-youtubers","https://yt3.ggpht.com/mn8pFkOy4s90joLqhdjbFGcqD3UnGpG7PDxE-nqAn0alHhYsyAmrjbsznFNf83yiexYtaf4-=s88-c-k-c0x00ffffff-no-nd-rj","Little Angel: Nursery Rhymes & Kids Songs"
"1697792684-167","https://socialbook.io/youtube-channel-rank/top-200-youtubers","https://yt3.ggpht.com/ZoViy6jSW8lGsT7Fgz7PsxsWznVseOVjGNkqh9U34cJ-7eXAGs_f2s0yCWwgxsxZT6d7icafVr8=s88-c-k-c0x00ffffff-no-rj","Trap Nation"
"1697792684-168","https://socialbook.io/youtube-channel-rank/top-200-youtubers","https://yt3.ggpht.com/s6xRAQnIVE09JESvlo1_CLgLFxGGlzUS1nLscPXwTRNlb9DxX3nRcxwLh61vGY12r04KlLlEug=s88-c-k-c0x00ffffff-no-rj","Talking Tom"
"1697792684-169","https://socialbook.io/youtube-channel-rank/top-200-youtubers","https://yt3.ggpht.com/ytc/APkrFKaMPVFosHwPRP4153YyODUjvR7wf1U-yHzsPMb6cQ=s88-c-k-c0x00ffffff-no-rj","Boram Tube Vlog [보람튜브 브이로그]"
"1697792684-170","https://socialbook.io/youtube-channel-rank/top-200-youtubers","https://yt3.ggpht.com/ytc/APkrFKZLi67YvsqOnCJ4rsPTfXrYSaawDbpaWO3LlnQqRA=s88-c-k-c0x00ffffff-no-rj","jacksepticeye"
"1697792684-171","https://socialbook.io/youtube-channel-rank/top-200-youtubers","https://yt3.ggpht.com/ytc/APkrFKb2f0NXgqTo8d5TIJx_AAPkktZyWx7Q2EXcndLGiQ=s88-c-k-c0x00ffffff-no-rj","Spinnin' Records"
"1697792684-172","https://socialbook.io/youtube-channel-rank/top-200-youtubers","https://yt3.ggpht.com/ytc/APkrFKYdK4L1pmSa2GpdsBqqfTXAPcBkMCmhrlTMCNaSxA=s88-c-k-c0x00ffffff-no-rj","Beast Reacts"
"1697792684-173","https://socialbook.io/youtube-channel-rank/top-200-youtubers","https://yt3.ggpht.com/ytc/APkrFKa3rNhZXjE3XnFuH5ByUrZCUhRhizSCZZ7-Wuvhlw=s88-c-k-c0x00ffffff-no-rj","Junya.じゅんや"
"1697792684-174","https://socialbook.io/youtube-channel-rank/top-200-youtubers","https://yt3.ggpht.com/QTpsceScLWmzgZXO6lPJo-s0CzCaGoat2S8PZzfdKtvqJTUh7jCLtYvCPH1RbUzVCOz2t_RIqIA=s88-c-k-c0x00ffffff-no-nd-rj","Shawn Mendes"
"1697792684-175","https://socialbook.io/youtube-channel-rank/top-200-youtubers","https://yt3.ggpht.com/ytc/APkrFKZVYOepe_d6tmkh_kHVsw9hbZD-nFPABWHnc6cgUw=s88-c-k-c0x00ffffff-no-rj","ashish chanchlani vines"
"1697792684-176","https://socialbook.io/youtube-channel-rank/top-200-youtubers","https://yt3.ggpht.com/ytc/APkrFKZlOIyhR7WPk9oZpUKXORpmmAH1yaAd9inuFFoY=s88-c-k-c0x00ffffff-no-rj","infobells - Tamil"
"1697792684-177","https://socialbook.io/youtube-channel-rank/top-200-youtubers","https://yt3.ggpht.com/ytc/APkrFKZh7Lg0TkllV1O9V343wWz1l8ii5TgRTTLKPd6Odg=s88-c-k-c0x00ffffff-no-rj","Aditya Movies - Telugu & Hindi"
"1697792684-178","https://socialbook.io/youtube-channel-rank/top-200-youtubers","https://yt3.ggpht.com/ytc/APkrFKa5XfDicXBp6ro_Zzke8ebMz0QmTMXTtlQ3WZXWeg=s88-c-k-c0x00ffffff-no-rj","infobells - Telugu"
"1697792684-179","https://socialbook.io/youtube-channel-rank/top-200-youtubers","https://yt3.ggpht.com/5fCAtOaFnCfD61TLcNBPmvMMWCvhV_Bs9ilpM5vkPcgd9B3iBE7DWuHrxBWuoQokMBfTpkikVw=s88-c-k-c0x00ffffff-no-rj","Ultra Records"
"1697792684-180","https://socialbook.io/youtube-channel-rank/top-200-youtubers","https://yt3.ggpht.com/1tDPqdUOhpUDD0iq_yXIlKcr3G6mzRuUP1apKnHfexiFFwKiOW3w-Asr9EJPlFMDWni3gYM_=s88-c-k-c0x00ffffff-no-rj","Masha y el Oso"
"1697792684-181","https://socialbook.io/youtube-channel-rank/top-200-youtubers","https://yt3.ggpht.com/fIfE8lPIS7bxqAheol_tqTRHSY2Qw-C7FlrkWst7LGJh6cXyokUbvfKFYGKmUH5o6HGGms7mOw=s88-c-k-c0x00ffffff-no-rj","Shemaroo Movies"
"1697792684-182","https://socialbook.io/youtube-channel-rank/top-200-youtubers","https://yt3.ggpht.com/v2VV7h58y85nyzhWnJ733WGE_Dz_iNyCK_4bHFwYFWEod3QZomlCeJbva3whbER3ur3WXUeu=s88-c-k-c0x00ffffff-no-rj","Gulshan Kalra"
"1697792684-183","https://socialbook.io/youtube-channel-rank/top-200-youtubers","https://yt3.ggpht.com/8nKH8t7pJlaqF_KN5Pa1lRBZyS6jY9NUM1dwkmJ2aKsh2ydZPFwwzWLohOYswAhqmQUhlcBqSw=s88-c-k-c0x00ffffff-no-nd-rj","Maluma"
"1697792684-184","https://socialbook.io/youtube-channel-rank/top-200-youtubers","https://yt3.ggpht.com/nL65E8l3huPqo0Kkj6Cy4BDbupoF2-qdBHOWx6UVTA10BrmmHkg9uU5jFAIzNHFise3KOQAlcA=s88-c-k-c0x00ffffff-no-rj","Goldmines Dishoom"
"1697792684-185","https://socialbook.io/youtube-channel-rank/top-200-youtubers","https://yt3.ggpht.com/ytc/APkrFKaeeX6fKM-9qEynSty_FA0P583sOwqUad5FK1DJGw=s88-c-k-c0x00ffffff-no-rj","AuronPlay"
"1697792684-186","https://socialbook.io/youtube-channel-rank/top-200-youtubers","https://yt3.ggpht.com/DYNuiKlx93gnqckBObvCa_HSW8iR-XQNqND9OAVBgrTKEnxtVZaGQ_WYfH3DA6nmeCmhraRC=s88-c-k-c0x00ffffff-no-nd-rj","Michael Jackson"
"1697792684-187","https://socialbook.io/youtube-channel-rank/top-200-youtubers","https://yt3.ggpht.com/ytc/APkrFKZQEaWFYgNJ_Xk5jfB06r3mz8SpTUoAOmWvCrdaJw=s88-c-k-c0x00ffffff-no-rj","★ Kids Roma Show"
"1697792684-188","https://socialbook.io/youtube-channel-rank/top-200-youtubers","https://yt3.ggpht.com/ytc/APkrFKZ7clbC42s8Y2eja1GRX0wr8B-u1YrR8bVXcMME9g=s88-c-k-c0x00ffffff-no-rj-mo","Drake"
"1697792684-189","https://socialbook.io/youtube-channel-rank/top-200-youtubers","https://yt3.ggpht.com/uyyJY9rd1hIayyzJIt-GGraTZKsc8Fz_CkyA3L9ip0eHwTUFyRONTEKzzPs5KfRBqyYdSVaHyA=s88-c-k-c0x00ffffff-no-rj","LankyBox"
"1697792684-190","https://socialbook.io/youtube-channel-rank/top-200-youtubers","https://yt3.ggpht.com/ytc/APkrFKZtgqFj7ZOJkU3fPzlYhE20d3jc9rC_WiuUOY8tsg=s88-c-k-c0x00ffffff-no-rj","The Late Late Show with James Corden"
"1697792684-191","https://socialbook.io/youtube-channel-rank/top-200-youtubers","https://yt3.ggpht.com/_SQKtbdn1Xv6vkV_OX5D1jTNQY2SAQ5Gq-WSPlTbc8h5qMHQ3dnwpSXlpq8ADikltH3zC9KC5A=s88-c-k-c0x00ffffff-no-rj","DanTDM"
"1697792684-192","https://socialbook.io/youtube-channel-rank/top-200-youtubers","https://yt3.ggpht.com/lBAwpgIju90EICwZclyLc9GHdJ18dczdHchTqgWDAEGYh6GS4hJjE5sIrBJyGQRSrLp8bTfwWA=s88-c-k-c0x00ffffff-no-nd-rj","toycantando"
"1697792684-193","https://socialbook.io/youtube-channel-rank/top-200-youtubers","https://yt3.ggpht.com/ytc/APkrFKZnc3mn_T-B5Mbn1JJ4c_aQkv1TWN_bmrCo1d8Ukw=s88-c-k-c0x00ffffff-no-rj","Bounce Patrol - Kids Songs"
"1697792684-194","https://socialbook.io/youtube-channel-rank/top-200-youtubers","https://yt3.ggpht.com/W-LbQKXkf3HJsvau1PC8jnOoryI_7AjdGGORmmpWUO4Bdb3Alem-X4fasmV43aRXRydCy3gyAig=s88-c-k-c0x00ffffff-no-rj","Sandeep Maheshwari"
"1697792684-195","https://socialbook.io/youtube-channel-rank/top-200-youtubers","https://yt3.ggpht.com/kcV7NQkBm-UvvzVTJvrg1Yf1eHSqi-DLXuZPt_ECa3cHEPefujS951Dxj6KUEQ5i9Z7_fyMUjw=s88-c-k-c0x00ffffff-no-rj","jypentertainment"
"1697792684-196","https://socialbook.io/youtube-channel-rank/top-200-youtubers","https://yt3.ggpht.com/jHP1_0bbTYI-o_tEprn8w_Qy7bJdqMLS_ChsdXg2IBPnKpFasvIV0TbqerIly2w4AUZ46ZJ1EA=s88-c-k-c0x00ffffff-no-rj","Nick Jr."
"1697792684-197","https://socialbook.io/youtube-channel-rank/top-200-youtubers","https://yt3.ggpht.com/ytc/APkrFKY24g_55U6eLvtqG8foEAUgtUo1o1HIlGjUi6iYCg=s88-c-k-c0x00ffffff-no-rj","Crazy XYZ"
"1697792684-198","https://socialbook.io/youtube-channel-rank/top-200-youtubers","https://yt3.ggpht.com/MehoWv8wE9h6ptkL1vmRKhjDNKq2HvDcDRucCF9IPyl8-8LqR83OD1G2Oa1T64mAKGDa3zSS=s88-c-k-c0x00ffffff-no-nd-rj","Wiz Khalifa"
"1697792684-199","https://socialbook.io/youtube-channel-rank/top-200-youtubers","https://yt3.ggpht.com/QcWKIhGN9r_1qQbldFLlnvkfQJyKZTGMcpCAmGkQoptuNyFhMctuXoPnDuqr3e-ulPlcTh11=s88-c-k-c0x00ffffff-no-rj","Alejo Igoa"
"1697792684-200","https://socialbook.io/youtube-channel-rank/top-200-youtubers","https://yt3.ggpht.com/ytc/APkrFKbUDxH_rWkthpnuj95oR2ylK_FoVIlcUgweUwijFA=s88-c-k-c0x00ffffff-no-rj","Brent Rivera"
